Day,Volume (In Mn.),Value (In Cr.)
01-May-21,86.239,18140.21
02-May-21,79.373,13692.47
03-May-21,87.717,20191.07
04-May-21,89.311,20005.02
05-May-21,87.704,19438.15
06-May-21,85.35,18425.68
07-May-21,86.312,18247.77
08-May-21,83.45,16365.41
09-May-21,79.403,13425.59
10-May-21,84.917,18772.21
11-May-21,90.009,18267.37
12-May-21,85.768,17402.93
13-May-21,85.17,16038.79
14-May-21,81.167,14038.22
15-May-21,80.525,14824.99
16-May-21,71.283,10804.95
17-May-21,80.015,15977.6
18-May-21,80.301,15314.82
19-May-21,80.303,15542.35
20-May-21,79.342,15265.44
21-May-21,80.055,14967.99
22-May-21,76.95,13312.11
23-May-21,75.608,11237.42
24-May-21,80.03,15851.67
25-May-21,79.933,15027.36
26-May-21,78.638,12817.62
27-May-21,77.533,9669.18
28-May-21,80.227,21033.64
29-May-21,79.303,14114.81
30-May-21,76.966,11414.94
31-May-21,90.661,20732.78
01-Jun-21,97.807,21837.51
02-Jun-21,98.137,20668.35
03-Jun-21,92.8,19629.84
04-Jun-21,90.824,18987.07
05-Jun-21,92.12,18465.68
06-Jun-21,85.062,13881.64
07-Jun-21,95.853,20566.61
08-Jun-21,95.949,19555.25
09-Jun-21,95.932,19616.4
10-Jun-21,96.068,19826.78
11-Jun-21,94.841,19013.39
12-Jun-21,91.484,16646.22
13-Jun-21,85.165,12899.97
14-Jun-21,97.372,20359.99
15-Jun-21,96.859,19631.73
16-Jun-21,95.888,19341.99
17-Jun-21,91.454,17975.02
18-Jun-21,96.815,18847.37
19-Jun-21,92.337,16946.72
20-Jun-21,86.158,12949.17
21-Jun-21,96.774,19694.06
22-Jun-21,93.782,18529.74
23-Jun-21,88.608,16920.82
24-Jun-21,90.121,17171.85
25-Jun-21,93.525,17648.46
26-Jun-21,92.318,15638.86
27-Jun-21,85.353,11945.99
28-Jun-21,95.751,19199.12
29-Jun-21,97.164,19122.24
30-Jun-21,105.195,23855.32
01-Jul-21,105.235,23416.77
02-Jul-21,108.15,22773.32
03-Jul-21,104.452,20784
04-Jul-21,97.948,16400.08
05-Jul-21,109.22,23601.76
06-Jul-21,107.724,21426.67
07-Jul-21,110.038,23158.49
08-Jul-21,108.632,19593.6
09-Jul-21,110.288,22376.23
10-Jul-21,105.33,17381.76
11-Jul-21,98.862,14528.9
12-Jul-21,106.977,17865.05
13-Jul-21,105.496,26954.63
14-Jul-21,106.977,19870.94
15-Jul-21,106.823,21013.1
16-Jul-21,106.786,21440.28
17-Jul-21,103.017,18400.77
18-Jul-21,91.512,12743.31
19-Jul-21,104.952,20635.1
20-Jul-21,107.812,20476.24
21-Jul-21,95.491,15421.19
22-Jul-21,94.738,15711.85
23-Jul-21,104.729,19889.5
24-Jul-21,97.807,15607.17
25-Jul-21,96.795,12927.13
26-Jul-21,105.106,19885.25
27-Jul-21,104.066,19262.96
28-Jul-21,105.626,19325.52
29-Jul-21,104.444,19154.18
30-Jul-21,111.752,21272.89
31-Jul-21,121.03,22584.56
01-Aug-21,113.983,17991.95
02-Aug-21,120.232,25029.23
03-Aug-21,120.077,23649.82
04-Aug-21,119.128,24030.66
05-Aug-21,118.341,23718.76
06-Aug-21,110.522,21095.72
07-Aug-21,122.245,22910.2
08-Aug-21,112.774,16658.61
09-Aug-21,123.51,24086.79
10-Aug-21,124.703,24240.48
11-Aug-21,121.833,23627.85
12-Aug-21,118.733,22704.03
13-Aug-21,115.284,20953.57
14-Aug-21,114.781,19317.55
15-Aug-21,106.292,14679.03
16-Aug-21,113.705,21637.92
17-Aug-21,114.532,21311.21
18-Aug-21,114.179,21660.34
19-Aug-21,114.87,20696.02
20-Aug-21,111.508,18706.14
21-Aug-21,117.35,19530.45
22-Aug-21,106.053,13242.53
23-Aug-21,108.596,19805.16
24-Aug-21,109.723,19853.25
25-Aug-21,113.974,20927.52
26-Aug-21,111.396,19824.58
27-Aug-21,110.601,19367.36
28-Aug-21,110.81,18119.46
29-Aug-21,106.733,14334.35
30-Aug-21,109.165,19281.64
31-Aug-21,119.913,26124.77
01-Sep-21,126.106,27148.4
02-Sep-21,127.666,26154.15
03-Sep-21,124.5,23910.41
04-Sep-21,123.738,23834.31
05-Sep-21,108.895,16861.66
06-Sep-21,122.117,24922.42
07-Sep-21,113.979,21864.83
08-Sep-21,126.405,24634.77
09-Sep-21,128.419,24770.65
10-Sep-21,120.937,21030.37
11-Sep-21,117.88,20129.85
12-Sep-21,113.616,15950.87
13-Sep-21,120.556,23212.04
14-Sep-21,121.427,22629.21
15-Sep-21,123.998,23442.74
16-Sep-21,120.165,22094.58
17-Sep-21,117.223,19888.28
18-Sep-21,123.849,20854.06
19-Sep-21,118.192,15698.53
20-Sep-21,125.269,23232.53
21-Sep-21,123.081,22157.2
22-Sep-21,123.79,21821.81
23-Sep-21,123.223,21377.26
24-Sep-21,123.665,20872.26
25-Sep-21,120.495,19085.04
26-Sep-21,116.82,14906.16
27-Sep-21,119.904,20756.07
28-Sep-21,120.882,21099.09
29-Sep-21,122.377,21981.12
30-Sep-21,135.122,28327.61
01-Oct-21,137.77,28370.06
02-Oct-21,139.113,25337.11
03-Oct-21,137.267,21845.73
04-Oct-21,139.385,29292.41
05-Oct-21,142.994,29189.41
06-Oct-21,137.162,26288.98
07-Oct-21,144.68,28676.31
08-Oct-21,142.183,27623.49
09-Oct-21,134.63,24747.41
10-Oct-21,135.989,21201.45
11-Oct-21,137.829,28260.91
12-Oct-21,138.867,27223.76
13-Oct-21,137.647,26037.62
14-Oct-21,133.418,24029.6
15-Oct-21,126.871,18158.34
16-Oct-21,128.528,22054.06
17-Oct-21,118.511,16615.55
18-Oct-21,134.786,25795.4
19-Oct-21,130.954,23136.67
20-Oct-21,134.832,24614.57
21-Oct-21,133.033,24809.26
22-Oct-21,136.07,24402.71
23-Oct-21,134.399,21969.69
24-Oct-21,129.421,16990.59
25-Oct-21,133.198,25923.01
26-Oct-21,135.028,25081.49
27-Oct-21,134.127,25168.12
28-Oct-21,136.127,26359.34
29-Oct-21,139.184,27747.43
30-Oct-21,147.709,29919.39
31-Oct-21,146.932,24537.12
01-Nov-21,158.765,36035.24
02-Nov-21,164.375,34915.78
03-Nov-21,164.769,34613.47
04-Nov-21,143.481,23307.44
05-Nov-21,132.601,22719.01
06-Nov-21,136.253,24416.19
07-Nov-21,130.927,20543.84
08-Nov-21,142.344,28222.58
09-Nov-21,137.906,27462.69
10-Nov-21,140.376,27572.23
11-Nov-21,136.969,26145.08
12-Nov-21,136.332,25519.53
13-Nov-21,137.709,23325.29
14-Nov-21,134.494,18867.22
15-Nov-21,137.307,27088.45
16-Nov-21,138.159,27011.12
17-Nov-21,139.378,25755.18
18-Nov-21,134.821,25291.94
19-Nov-21,133.907,21545.81
20-Nov-21,138.715,24225.89
21-Nov-21,131.39,18070.98
22-Nov-21,133.85,25248.75
23-Nov-21,138.853,25616.77
24-Nov-21,137.403,25221.2
25-Nov-21,139.249,25459.92
26-Nov-21,137.568,25509.28
27-Nov-21,134.241,22251.27
28-Nov-21,129.628,17817.14
29-Nov-21,136.941,26386.44
30-Nov-21,147.769,32270.36
01-Dec-21,153.104,33487.99
02-Dec-21,152.43,31446.32
03-Dec-21,148.012,28800.98
04-Dec-21,154.254,29534.27
05-Dec-21,147.836,23634.62
06-Dec-21,148.874,30143.74
07-Dec-21,153.597,30111.47
08-Dec-21,151.003,28889.73
09-Dec-21,145.273,27977.02
10-Dec-21,138.276,25540.08
11-Dec-21,145.098,25827.58
12-Dec-21,139.211,20023.23
13-Dec-21,140.712,26943.56
14-Dec-21,148.481,28016.55
15-Dec-21,151.254,28838.73
16-Dec-21,145.696,26447.76
17-Dec-21,146.115,24999.17
18-Dec-21,145.123,24668.99
19-Dec-21,140.214,19087.16
20-Dec-21,148.936,29184.65
21-Dec-21,146.781,27086.37
22-Dec-21,148.994,26892.86
23-Dec-21,149.464,26454.72
24-Dec-21,149.12,25817.61
25-Dec-21,144.892,22122.87
26-Dec-21,135.726,17623.74
27-Dec-21,143.637,26037.07
28-Dec-21,144.559,26113.2
29-Dec-21,142.078,25271.47
30-Dec-21,149.152,27540.86
31-Dec-21,168.397,32283.86
01-Jan-22,158.527,27278.48
02-Jan-22,153.166,24750.74
03-Jan-22,161.487,32979.67
04-Jan-22,159.501,32214.37
05-Jan-22,159.171,31730.45
06-Jan-22,158.944,30771.67
07-Jan-22,162.133,30569.5
08-Jan-22,154.707,26520.13
09-Jan-22,121.296,18265.68
10-Jan-22,165.053,33273.67
11-Jan-22,156.323,30052.59
12-Jan-22,159.055,30181.55
13-Jan-22,156.506,28747.57
14-Jan-22,144.509,23852.4
15-Jan-22,137.8,21970.51
16-Jan-22,131.122,18000.91
17-Jan-22,148.762,27641.24
18-Jan-22,146.503,26732.97
19-Jan-22,150.162,27400.76
20-Jan-22,145.93,27092.83
21-Jan-22,147.74,26652.65
22-Jan-22,142.239,23272.13
23-Jan-22,131.735,17525.56
24-Jan-22,145.03,28414.48
25-Jan-22,146.012,27920.07
26-Jan-22,140.428,21232.52
27-Jan-22,143.76,27360.06
28-Jan-22,145.486,26942.28
29-Jan-22,139.055,24872.5
30-Jan-22,143.784,21176.51
31-Jan-22,161.23,36596.64
01-Feb-22,172.727,38167.32
02-Feb-22,166.646,34757.09
03-Feb-22,164.671,33265.3
04-Feb-22,162.284,32036.03
05-Feb-22,165.522,31339.7
06-Feb-22,154.93,23445.48
07-Feb-22,166.491,33670.85
08-Feb-22,166.798,32682.18
09-Feb-22,171.883,32468.47
10-Feb-22,164.632,31703.55
11-Feb-22,166.502,30697
12-Feb-22,163.281,27942.54
13-Feb-22,158.84,22271.87
14-Feb-22,167.59,32609.4
15-Feb-22,164.961,31888.77
16-Feb-22,165.318,30212.49
17-Feb-22,159.993,29053.85
18-Feb-22,161.088,27226.8
19-Feb-22,155.832,25778.25
20-Feb-22,154.944,21128.33
21-Feb-22,157.814,29480.41
22-Feb-22,147.401,27023.99
23-Feb-22,142.116,24444.21
24-Feb-22,167.923,32003.16
25-Feb-22,159.927,29271.51
26-Feb-22,160.68,26149.22
27-Feb-22,157.288,21228.83
28-Feb-22,159.407,34896.42
01-Mar-22,171.164,33758.22
02-Mar-22,179.457,37033.35
03-Mar-22,179.451,36252.3
04-Mar-22,177.904,35210.29
05-Mar-22,184.021,35370.65
06-Mar-22,172.569,26113.76
07-Mar-22,181.779,37285.22
08-Mar-22,179.365,34545.89
09-Mar-22,180.825,34882.05
10-Mar-22,181.54,34890.75
11-Mar-22,178.345,32377.05
12-Mar-22,176.519,29318.33
13-Mar-22,170.403,23152.81
14-Mar-22,177.435,33957.67
15-Mar-22,176.692,33340.64
16-Mar-22,180.456,33221.88
17-Mar-22,180.754,31166.73
18-Mar-22,148.927,18869.04
19-Mar-22,164.478,25247.27
20-Mar-22,158.862,21237.31
21-Mar-22,172.299,31841.8
22-Mar-22,167.303,29566.9
23-Mar-22,169.864,29859.79
24-Mar-22,169.582,29588.27
25-Mar-22,170.93,29741.97
26-Mar-22,176.05,27909.08
27-Mar-22,170.897,21937.12
28-Mar-22,171.371,30755.25
29-Mar-22,171.62,29737.75
30-Mar-22,177.198,33222.54
31-Mar-22,187.591,39189.99
01-Apr-22,175.996,38167.32
02-Apr-22,190.437,34757.09
03-Apr-22,181.666,33265.3
04-Apr-22,193.297,32036.03
05-Apr-22,192.136,31339.7
06-Apr-22,189.188,37401.11
07-Apr-22,192.491,37184.6
08-Apr-22,191.595,35133.63
09-Apr-22,196.377,33429.07
10-Apr-22,182.957,26380.29
11-Apr-22,192.092,37147.71
12-Apr-22,193.432,36141.16
13-Apr-22,195.935,22271.87
14-Apr-22,185.434,32609.4
15-Apr-22,180.744,31888.77
16-Apr-22,184.721,30212.49
17-Apr-22,177.611,23899.87
18-Apr-22,184.709,34476.4
19-Apr-22,184.84,33348.27
20-Apr-22,186.396,33512.38
21-Apr-22,183.363,31649.72
22-Apr-22,184.132,30687.21
23-Apr-22,183.043,28361.39
24-Apr-22,167.909,22341.42
25-Apr-22,182.16,33631.18
26-Apr-22,182.041,32293.94
27-Apr-22,183.281,32147.43
28-Apr-22,181.481,31645.31
29-Apr-22,184.956,34089.13
30-Apr-22,198.629,38589.29
01-May-22,205.398,35380.47
02-May-22,208.215,43127.73
03-May-22,186.151,32528.65
04-May-22,194.496,39142.74
05-May-22,199.545,40116.7
06-May-22,197.209,38218.9
07-May-22,206.059,37753.22
08-May-22,195.413,28907.36
09-May-22,199.41,39710.68
10-May-22,194.299,37570.27
11-May-22,197.423,36863.35
12-May-22,193.685,33771.63
13-May-22,194.336,37429.32
14-May-22,192.789,31230.91
15-May-22,188.454,25653
16-May-22,188.769,33249.98
17-May-22,187.292,33295.35
18-May-22,194.901,34027.49
19-May-22,190.19,32947.73
20-May-22,190.024,31912.52
21-May-22,189.8,30865.04
22-May-22,182.609,23763.95
23-May-22,187.032,32828.94
24-May-22,189.005,31870.42
25-May-22,188.372,31845.24
26-May-22,184.604,31197.03
27-May-22,183.472,29522.85
28-May-22,186.073,29069.75
29-May-22,185.213,23047.36
30-May-22,183.636,33628.62
31-May-22,191.323,39743.33
01-Jun-22,208.493,42008.82
02-Jun-22,211.432,43887.84
03-Jun-22,203.821,38200.28
04-Jun-22,205.128,35010.94
05-Jun-22,200.799,34073.12
06-Jun-22,202.338,39158.04
07-Jun-22,205.993,37704.57
08-Jun-22,207.591,38922.92
09-Jun-22,204.238,36686.89
10-Jun-22,202.175,36538.99
11-Jun-22,203.713,33508.5
12-Jun-22,195.253,26074.45
13-Jun-22,200.668,37447.27
14-Jun-22,198.669,34441.89
15-Jun-22,204.031,35105.4
16-Jun-22,201.736,34093.76
17-Jun-22,196.292,32304.39
18-Jun-22,181.897,29385.68
19-Jun-22,167.082,22291.5
20-Jun-22,187.808,34282.55
21-Jun-22,190.454,32914.38
22-Jun-22,188.55,31969.65
23-Jun-22,185.426,30994.9
24-Jun-22,190.489,31022.28
25-Jun-22,189.802,29437.83
26-Jun-22,186.508,23014.68
27-Jun-22,190.878,33292.2
28-Jun-22,189.408,31772.75
29-Jun-22,182.197,31620.08
30-Jun-22,179.881,37246.08
01-Jul-22,211.038,43831.02
02-Jul-22,213.415,42108.81
03-Jul-22,204.951,32114.33
04-Jul-22,209.317,42995.32
05-Jul-22,207.794,41456.59
06-Jul-22,209.344,39822.21
07-Jul-22,212.026,39624.23
08-Jul-22,207.958,37817.79
09-Jul-22,210.071,35896.16
10-Jul-22,193.244,26632.94
11-Jul-22,200.096,37142.02
12-Jul-22,201.121,35038.16
13-Jul-22,198.95,34242.77
14-Jul-22,202.358,34743.09
15-Jul-22,201.9,33702.42
16-Jul-22,201.356,32704.58
17-Jul-22,197.548,25086.78
18-Jul-22,198.021,33652.23
19-Jul-22,199.715,32665.89
20-Jul-22,206.007,34113.78
21-Jul-22,199.559,32083.3
22-Jul-22,198.487,30587.13
23-Jul-22,196.115,29270.86
24-Jul-22,192.239,23283.4
25-Jul-22,196.387,33362.36
26-Jul-22,195.114,31535.55
27-Jul-22,203.082,32141.8
28-Jul-22,197.107,31311.84
29-Jul-22,203.044,35222.25
30-Jul-22,213.219,38375.84
31-Jul-22,207.818,30551.59
01-Aug-22,217.127,43568.17
02-Aug-22,223.153,42085.99
03-Aug-22,211.576,38693.87
04-Aug-22,216.876,40079.82
05-Aug-22,205.425,35859.8
06-Aug-22,224.874,39064.52
07-Aug-22,212.483,29906.75
08-Aug-22,216.201,39627.08
09-Aug-22,210.464,34997.87
10-Aug-22,225.823,41043.38
11-Aug-22,223.559,36349.91
12-Aug-22,209.452,33508.36
13-Aug-22,208.753,32266.78
14-Aug-22,199.248,25307.67
15-Aug-22,194.664,25414.14
16-Aug-22,208.737,35358.46
17-Aug-22,213.404,36034.3
18-Aug-22,214.522,35365.86
19-Aug-22,207.271,31204.93
20-Aug-22,210.398,33072.27
21-Aug-22,201.259,25174.59
22-Aug-22,209.81,35304.68
23-Aug-22,206.506,33735.52
24-Aug-22,208.278,33988.13
25-Aug-22,210.628,34666.38
26-Aug-22,205.14,32104.76
27-Aug-22,214.653,31003.69
28-Aug-22,213.336,24581.62
29-Aug-22,213.882,36565.66
30-Aug-22,225.578,40909.83
31-Aug-22,216.548,36317.38
01-Sep-22,231.202,46102.69
02-Sep-22,234.438,42755.56
03-Sep-22,234.342,41387.77
04-Sep-22,222.21,32092.83
05-Sep-22,232.118,44581.11
06-Sep-22,228.842,41284.01
07-Sep-22,229.887,41648.13
08-Sep-22,226.981,39016.03
09-Sep-22,222.049,37027.98
10-Sep-22,224.938,36076.21
11-Sep-22,222.264,28818.13
12-Sep-22,224.262,39419.29
13-Sep-22,221.911,37206.64
14-Sep-22,225.362,37938.12
15-Sep-22,224.568,37563.76
16-Sep-22,225.526,36237.8
17-Sep-22,226.725,33100.06
18-Sep-22,214.049,25809.84
19-Sep-22,220.334,36275.55
20-Sep-22,222.249,35652.81
21-Sep-22,222.264,35651.91
22-Sep-22,225.365,37245.02
23-Sep-22,224.082,35202.31
24-Sep-22,225.485,33468.05
25-Sep-22,222.462,26617.01
26-Sep-22,226.406,38681.13
27-Sep-22,224.349,37077.33
28-Sep-22,229.403,37494.05
29-Sep-22,226.141,38173.16
30-Sep-22,240.586,46833.8
01-Oct-22,258.647,50382.75
02-Oct-22,248.364,39039.52
03-Oct-22,248.021,47218.26
04-Oct-22,239.69,42082.91
05-Oct-22,227.201,34258.45
06-Oct-22,233.147,41501.46
07-Oct-22,232.971,41204.09
08-Oct-22,236.574,39710.25
09-Oct-22,229.061,32190.94
10-Oct-22,241.002,47027.29
11-Oct-22,243.491,43642.01
12-Oct-22,245.081,42412.68
13-Oct-22,239.986,40387.93
14-Oct-22,235.274,38748.95
15-Oct-22,241.634,39499.74
16-Oct-22,238.485,31327.83
17-Oct-22,235.707,40125.1
18-Oct-22,240.264,39917.14
19-Oct-22,245.866,40856.85
20-Oct-22,242.704,42218.85
21-Oct-22,251.4,44598.12
22-Oct-22,260.812,44832.58
23-Oct-22,252.011,36622.22
24-Oct-22,223.328,27690.79
25-Oct-22,198.831,29351.82
26-Oct-22,214.452,32555.4
27-Oct-22,214.957,34451.97
28-Oct-22,216.242,36086.52
29-Oct-22,220.81,36208.01
30-Oct-22,217.295,28111.77
31-Oct-22,232.113,47325.3
01-Nov-22,249.44,50700.08
02-Nov-22,250.021,47432.82
03-Nov-22,243.482,45208.17
04-Nov-22,245.259,43645.17
05-Nov-22,252.834,44653.94
06-Nov-22,242.483,33841.13
07-Nov-22,245.245,45347.9
08-Nov-22,234.878,38528.36
09-Nov-22,251.471,43709.259
10-Nov-22,253.475,44760.22
11-Nov-22,244.348,41603.7
12-Nov-22,247.371,37328.49
13-Nov-22,246.071,29862.99
14-Nov-22,246.178,41601.59
15-Nov-22,246.709,41038.85
16-Nov-22,246.006,39877.66
17-Nov-22,241.94,38887.99
18-Nov-22,241.523,36774.04
19-Nov-22,243.564,36893
20-Nov-22,239.196,30141.8
21-Nov-22,226.549,37029.58
22-Nov-22,242.05,38450.98
23-Nov-22,241.147,37158.59
24-Nov-22,239.062,37188.36
25-Nov-22,241.307,37146.94
26-Nov-22,241.445,35261.16
27-Nov-22,234.136,27955.44
28-Nov-22,235.987,38785.39
29-Nov-22,238.96,39732.245
30-Nov-22,257.319,50047.55
01-Dec-22,269.215,53457.06
02-Dec-22,266.028,48531.22
03-Dec-22,264.104,46558.2
04-Dec-22,252.483,37265.1
05-Dec-22,263.016,50169.23
06-Dec-22,257.141,46197.13
07-Dec-22,258.398,46284.96
08-Dec-22,251.495,43719.07
09-Dec-22,248.863,42421.34
10-Dec-22,253.777,41177.7
11-Dec-22,250.837,33518.33
12-Dec-22,253.909,45151.66
13-Dec-22,255.797,43440.05
14-Dec-22,259.834,42458.09
15-Dec-22,256.141,42710.62
16-Dec-22,251.751,39520.11
17-Dec-22,248.837,37570.68
18-Dec-22,241.275,29305.27
19-Dec-22,250.276,40811.37
20-Dec-22,249.662,41271.64
21-Dec-22,250.103,40183.79
22-Dec-22,247.385,39160.3
23-Dec-22,247.796,38502.18
24-Dec-22,247.185,36227.07
25-Dec-22,233.158,28116.81
26-Dec-22,243.06,39846.63
27-Dec-22,240.922,38765.65
28-Dec-22,240.509,38372.59
29-Dec-22,244.672,39919.76
30-Dec-22,255.391,44912.73
31-Dec-22,276.47,46424.52
01-Jan-23,257.799,35576.8
02-Jan-23,264.116,50488.22
03-Jan-23,261.609,47767.96
04-Jan-23,266.412,50171.67
05-Jan-23,267.783,48732.35
06-Jan-23,260.354,45665.71
07-Jan-23,272.127,46858.16
08-Jan-23,260.793,36760.43
09-Jan-23,268.352,50045.65
10-Jan-23,270.384,48440.96
11-Jan-23,270.38,46672.56
12-Jan-23,270.892,45229.12
13-Jan-23,273.244,43782.2
14-Jan-23,263.447,37799.6
15-Jan-23,242.019,30014.56
16-Jan-23,249.819,40226.62
17-Jan-23,249.053,39728.11
18-Jan-23,257.891,41137.76
19-Jan-23,254.527,40937.69
20-Jan-23,260.83,41418.89
21-Jan-23,264.735,39750.27
22-Jan-23,252.135,31046.89
23-Jan-23,256.28,41835.44
24-Jan-23,257.381,40626.95
25-Jan-23,262.485,42730.7
26-Jan-23,241.042,31062.8
27-Jan-23,252.88,40158.06
28-Jan-23,246.81,36651.22
29-Jan-23,242.511,29669.35
30-Jan-23,250.701,44557.68
31-Jan-23,268.096,53514.4
01-Feb-23,288.981,58075.13
02-Feb-23,280.449,53349.07
03-Feb-23,274.231,48928.42
04-Feb-23,283.593,50154.95
05-Feb-23,272.452,39708.7
06-Feb-23,272.149,49382.48
07-Feb-23,280.23,51094.93
08-Feb-23,268.785,46745.96
09-Feb-23,281.71,48838.54
10-Feb-23,270.528,45521.66
11-Feb-23,267.798,42389.83
12-Feb-23,263.752,33672.53
13-Feb-23,261.376,44763.87
14-Feb-23,273.856,46194.43
15-Feb-23,275.019,46219.11
16-Feb-23,253.037,40478.39
17-Feb-23,272.541,41977.12
18-Feb-23,260.478,35674.95
19-Feb-23,255.47,31261.7
20-Feb-23,269.3,45260.1
21-Feb-23,265.099,42897.62
22-Feb-23,260.464,41562.95
23-Feb-23,261.962,40906.88
24-Feb-23,261.964,40347.83
25-Feb-23,260.602,39270.42
26-Feb-23,253.551,30904.86
27-Feb-23,264.294,45348.53
28-Feb-23,281.088,54915.62
01-Mar-23,301.207,59817.25
02-Mar-23,281.358,53383.73
03-Mar-23,294.107,52497.8
04-Mar-23,298.536,53722.03
05-Mar-23,287.01,42705.74
06-Mar-23,297.654,55488.96
07-Mar-23,278.185,43805.38
08-Mar-23,260.56,38788.84
09-Mar-23,273.011,45891.88
10-Mar-23,291.225,51625.61
11-Mar-23,282.242,44702.23
12-Mar-23,272.118,35015.26
13-Mar-23,284.208,49324.67
14-Mar-23,285.191,48479.42
15-Mar-23,285.373,48315.2
16-Mar-23,280.659,45720.014
17-Mar-23,278.461,41896.47
18-Mar-23,275.713,41909.31
19-Mar-23,267.622,33235.82
20-Mar-23,276.464,46652.05
21-Mar-23,282.932,44602.04
22-Mar-23,273.258,39965.47
23-Mar-23,271.552,42864.52
24-Mar-23,271.194,42625.03
25-Mar-23,274.558,41335.82
26-Mar-23,269.547,32424
27-Mar-23,275.529,45897.16
28-Mar-23,275.907,45057.3
29-Mar-23,278.3,45843.3
30-Mar-23,266.568,42465.52
31-Mar-23,295.049,48892.77
01-Apr-23,309.622,51067.88
02-Apr-23,270.59,40107.32
03-Apr-23,291.234,67174.84
04-Apr-23,302.628,55131.41
05-Apr-23,305.558,55523.66
06-Apr-23,300.371,53108.05
07-Apr-23,299.684,49096.83
08-Apr-23,305.959,45972.66
09-Apr-23,296.109,38971.53
10-Apr-23,306.642,57032.84
11-Apr-23,293.413,51142.19
12-Apr-23,317.35,52628.2
13-Apr-23,302.541,48837.58
14-Apr-23,292.159,41334.68
15-Apr-23,303.699,45867.37
16-Apr-23,290.29,35944.36
17-Apr-23,292.098,48059.75
18-Apr-23,289.577,45994.08
19-Apr-23,295.165,46337.61
20-Apr-23,301.545,47613.07
21-Apr-23,302.47,46341.28
22-Apr-23,281.493,37244.28
23-Apr-23,277.055,32251.65
24-Apr-23,281.919,44918.84
25-Apr-23,281.187,44390.27
26-Apr-23,286.046,44656.69
27-Apr-23,286.514,44563.42
28-Apr-23,294.058,48699.12
29-Apr-23,309.85,52690.23
30-Apr-23,296.434,42803.02
01-May-23,310.569,56109.02
02-May-23,309.652,57673.1
03-May-23,309.121,54740.39
04-May-23,302.783,55434.84
05-May-23,312.748,53729.76
06-May-23,319.678,53437.16
07-May-23,309.433,41902.53
08-May-23,310.363,54789.08
09-May-23,311.973,53279.57
10-May-23,313.276,52894.17
11-May-23,308.546,50019.107
12-May-23,309.381,48240.658
13-May-23,309.549,44730.46
14-May-23,306.202,37468.83
15-May-23,309.112,51693.485
16-May-23,303.065,48266.02
17-May-23,297.902,46493.98
18-May-23,301.226,46334.97
19-May-23,301.285,44503.43
20-May-23,310.532,46688.263
21-May-23,289.762,34744.2
22-May-23,290.415,46610.35
23-May-23,295.697,45016.09
24-May-23,299.017,45428.85
25-May-23,289.903,45736.15
26-May-23,300.219,44385.37
27-May-23,291.671,41936.741
28-May-23,297.083,33637.03
29-May-23,293.376,46315.4
30-May-23,288.986,47998.33
31-May-23,312.66,58908.108
01-Jun-23,325.617,62898.87
02-Jun-23,326.264,57644.81
03-Jun-23,323.211,54799.2
04-Jun-23,311.987,45018.03
05-Jun-23,321.195,59403.414
06-Jun-23,315.727,54850.163
07-Jun-23,326.002,56073.86
08-Jun-23,317.807,52908.79
09-Jun-23,319.367,52262
10-Jun-23,322.953,51283.62
11-Jun-23,311.614,39593.489
12-Jun-23,314.643,53040.32
13-Jun-23,312.412,50385.35
14-Jun-23,314.038,50450.73
15-Jun-23,310.801,49745.39
16-Jun-23,311.926,46355.7
17-Jun-23,312.082,45835.99
18-Jun-23,301.349,35234.45
19-Jun-23,309.947,49499.418
20-Jun-23,307.4,48407.3
21-Jun-23,307.131,47664.332
22-Jun-23,304.504,46704.89
23-Jun-23,302.343,45579.36
24-Jun-23,300.631,42935.74
25-Jun-23,294.734,35147.31
26-Jun-23,302.221,48619.694
27-Jun-23,299.957,47516.37
28-Jun-23,313.701,49897.31
29-Jun-23,280.597,37961.22
30-Jun-23,312.903,57747.14
01-Jul-23,339.543,61917.81
02-Jul-23,329.224,47229.91
03-Jul-23,328.963,59189.38
04-Jul-23,330.441,59449.73
05-Jul-23,331.282,59459.28
06-Jul-23,325.693,56399.5
07-Jul-23,329.822,55271.86
08-Jul-23,326.478,50571.15
09-Jul-23,319.543,41980.62
10-Jul-23,331.795,60484.849
11-Jul-23,326.674,53967.69
12-Jul-23,331.467,53590.281
13-Jul-23,323.753,50613.669
14-Jul-23,322.596,47947.775
15-Jul-23,317.555,47729.742
16-Jul-23,320.867,38071.817
17-Jul-23,317.026,48124.927
18-Jul-23,311.713,46846.489
19-Jul-23,315.442,47849.695
20-Jul-23,315.375,47608.519
21-Jul-23,315.282,45577.502
22-Jul-23,313.692,42238.882
23-Jul-23,309.314,34416.573
24-Jul-23,311.005,48206.151
25-Jul-23,307.947,46984.686
26-Jul-23,310.765,46067.185
27-Jul-23,314.061,45734.033
28-Jul-23,315.233,46273.687
29-Jul-23,316.706,42690.111
30-Jul-23,317.21,36936.177
31-Jul-23,337.789,64106.759
01-Aug-23,355.248,66969.232
02-Aug-23,345.688,62307.106
03-Aug-23,348.569,59287.21
04-Aug-23,344.793,57716.61
05-Aug-23,356.242,57820.12
06-Aug-23,298.815,36438.5
07-Aug-23,359.107,63298.71
08-Aug-23,349.243,55950.61
09-Aug-23,350.343,56345.84
10-Aug-23,354.791,57156.72
11-Aug-23,353.391,53813.39
12-Aug-23,352.684,48703.92
13-Aug-23,342.723,38677.49
14-Aug-23,353.366,54501.9
15-Aug-23,328.46,39607.89
16-Aug-23,340.164,50036.67
17-Aug-23,332.278,49839.67
18-Aug-23,337.298,48000.66
19-Aug-23,335.203,47379.98
20-Aug-23,335.688,38720.84
21-Aug-23,334.738,50543.5
22-Aug-23,327.287,47968.58
23-Aug-23,331.439,47616.87
24-Aug-23,335.051,47858.74
25-Aug-23,331.038,46491.48
26-Aug-23,338.155,45179.66
27-Aug-23,332.827,36874.21
28-Aug-23,339.645,51900.82
29-Aug-23,341.346,51131.17
30-Aug-23,356.135,50318.3
31-Aug-23,344.261,58080.14
01-Sep-23,365.533,66251.46
02-Sep-23,367.404,61319.8
03-Sep-23,351.903,48259.6
04-Sep-23,360.871,65160.82
05-Sep-23,359.588,62292.52
06-Sep-23,361.958,59538.75
07-Sep-23,353.964,56509.07
08-Sep-23,350.583,55244.15
09-Sep-23,356.507,52442.49
10-Sep-23,355.189,43863.43
11-Sep-23,357.122,58890.66
12-Sep-23,356.762,57361.62
13-Sep-23,355.108,55420.78
14-Sep-23,353.301,52948.4
15-Sep-23,361.942,52463.74
16-Sep-23,359.371,51457.19
17-Sep-23,362.153,39851.59
18-Sep-23,344.25,46073.95
19-Sep-23,340.495,46404.94
20-Sep-23,347.57,51964.82
21-Sep-23,341.004,50639.38
22-Sep-23,338.937,47198.39
23-Sep-23,333.77,44321.27
24-Sep-23,336.279,36318.66
25-Sep-23,343.951,52459.32
26-Sep-23,341.297,49983.7
27-Sep-23,350.709,51103.2
28-Sep-23,333.036,46099.97
29-Sep-23,346.494,54305.47
30-Sep-23,368.636,62984.04
01-Oct-23,371.388,55361.74
02-Oct-23,363.963,55043.13
03-Oct-23,376.667,66099.28
04-Oct-23,379.263,67532.08
05-Oct-23,387.182,66768.83
06-Oct-23,378.417,60745.31
07-Oct-23,391.027,65036.72
08-Oct-23,385.015,51259.08
09-Oct-23,382.32,67283.18
10-Oct-23,390.474,64797.72
11-Oct-23,386.404,61280.39
12-Oct-23,381.56,58987.48
13-Oct-23,384.597,56244.79
14-Oct-23,332.007,41345.44
15-Oct-23,359.001,44351.21
16-Oct-23,353.726,55618.56
17-Oct-23,367.874,56858.26
18-Oct-23,372.074,55860.46
19-Oct-23,370.993,54470.36
20-Oct-23,369.263,54710.75
21-Oct-23,377.773,54291.64
22-Oct-23,359.245,41526.45
23-Oct-23,345.695,46427.03
24-Oct-23,338.269,39260.52
25-Oct-23,353.837,52321.01
26-Oct-23,351.611,53636.83
27-Oct-23,354.275,51883
28-Oct-23,351.083,47773.87
29-Oct-23,344.131,39525.24
30-Oct-23,368.975,60412.71
31-Oct-23,380.681,69055.27
01-Nov-23,405.429,75460.87
02-Nov-23,393.885,69440.58
03-Nov-23,390.106,65932.18
04-Nov-23,399.462,67589.37
05-Nov-23,398.092,55497.82
06-Nov-23,388.721,68024.65
07-Nov-23,393.225,68423.73
08-Nov-23,405.105,69096.38
09-Nov-23,407.712,71078.45
10-Nov-23,428.939,75086.84
11-Nov-23,439.04,69374.71
12-Nov-23,393.573,44733.39
13-Nov-23,341.77,47916.85
14-Nov-23,351.304,51371.31
15-Nov-23,355.035,52638.59
16-Nov-23,361.035,55363.84
17-Nov-23,353.843,52204.33
18-Nov-23,363.396,52174.65
19-Nov-23,354.845,38799.93
20-Nov-23,356.324,56077.71
21-Nov-23,355.882,54802
22-Nov-23,345.805,53206.86
23-Nov-23,359.983,53380.71
24-Nov-23,354.608,52349.38
25-Nov-23,355.628,49582.93
26-Nov-23,349.656,39662.64
27-Nov-23,344.865,47992.81
28-Nov-23,355.973,53090.91
29-Nov-23,360.039,59642.71
30-Nov-23,372.012,69743.48
01-Dec-23,406.279,73567.26
02-Dec-23,407.853,70237.35
03-Dec-23,387.094,51728.44
04-Dec-23,381.763,68763.3
05-Dec-23,385.449,68578.17
06-Dec-23,383.805,64625.98
07-Dec-23,383.953,63698.48
08-Dec-23,398.26,63578.4
09-Dec-23,399.136,59877.09
10-Dec-23,391.703,49895.18
11-Dec-23,391.092,65689.66
12-Dec-23,395.649,62987.05
13-Dec-23,391.256,61418.12
14-Dec-23,387.595,59486.48
15-Dec-23,384.254,58430.66
16-Dec-23,389.045,55199.4
17-Dec-23,383.685,43870.34
18-Dec-23,382.635,58406.97
19-Dec-23,380.983,56788
20-Dec-23,388.888,60562.68
21-Dec-23,388.329,57778.84
22-Dec-23,388.554,56458.87
23-Dec-23,382.126,52084.16
24-Dec-23,374.203,42244.26
25-Dec-23,365.793,45953.24
26-Dec-23,372.708,55758.73
27-Dec-23,374.196,56459.53
28-Dec-23,371.9,57227.27
29-Dec-23,381.246,61351.22
30-Dec-23,399.755,66002.11
31-Dec-23,421.039,54242.21
01-Jan-24,405.751,61548.14
02-Jan-24,407.145,70893.83
03-Jan-24,405.837,69042.32
04-Jan-24,398.287,69677
05-Jan-24,402.271,67340.71
06-Jan-24,410.197,66487.01
07-Jan-24,402.128,53625.61
08-Jan-24,405.777,70844.31
09-Jan-24,400.545,66881.19
10-Jan-24,412.603,69096.76
11-Jan-24,413.081,64802.51
12-Jan-24,412.873,62936.8
13-Jan-24,415.052,58622.32
14-Jan-24,397.021,45798.47
15-Jan-24,371.569,52989.31
16-Jan-24,375.105,54848.9
17-Jan-24,386.014,57865.64
18-Jan-24,377.633,57744.14
19-Jan-24,388.988,57190.9
20-Jan-24,396.125,58896.19
21-Jan-24,382.863,43723.18
22-Jan-24,355.849,45700.49
23-Jan-24,380.701,58416.14
24-Jan-24,389.797,58701.3
25-Jan-24,390.637,59174.51
26-Jan-24,372.882,44870.49
27-Jan-24,381.449,49962.28
28-Jan-24,374.314,41338.49
29-Jan-24,387.81,61721.4
30-Jan-24,388.308,63398.15
31-Jan-24,414.406,76945.48
01-Feb-24,431.859,82028.29
02-Feb-24,433.491,73617.61
03-Feb-24,431.146,70136.81
04-Feb-24,419.376,58023.37
05-Feb-24,430.428,77049.21
06-Feb-24,403.023,66834.78
07-Feb-24,436.919,72935.74
08-Feb-24,431.524,69704.87
09-Feb-24,432.959,67472.51
10-Feb-24,437.73,64841.39
11-Feb-24,423.239,50719.39
12-Feb-24,426.337,69413.98
13-Feb-24,419.77,64168.37
14-Feb-24,420.621,62262.76
15-Feb-24,420.045,64067.86
16-Feb-24,409.975,58708.44
17-Feb-24,404.574,56296.73
18-Feb-24,407.449,45970.13
19-Feb-24,406.978,59833.37
20-Feb-24,410.595,61793.87
21-Feb-24,413.867,60116.76
22-Feb-24,403.186,57929.56
23-Feb-24,410.278,56587.1
24-Feb-24,401.305,52338.63
25-Feb-24,398.982,44382.34
26-Feb-24,400.004,59971.55
27-Feb-24,387.242,57903.92
28-Feb-24,418.19,64859.15
29-Feb-24,431.581,77900.86
01-Mar-24,454.629,80825.87
02-Mar-24,452.081,75429.57
03-Mar-24,433.882,58334.6
04-Mar-24,440.041,77261.65
05-Mar-24,446.935,76244.86
06-Mar-24,441.826,73298.76
07-Mar-24,450.115,72473.42
08-Mar-24,428.233,59151
09-Mar-24,433.556,62712.99
10-Mar-24,438.191,54675.02
11-Mar-24,444.613,73454.28
12-Mar-24,432.386,68580.66
13-Mar-24,432.008,68886.56
14-Mar-24,428.908,66622.38
15-Mar-24,436.618,64856.7
16-Mar-24,431.583,61213.98
17-Mar-24,425.875,48305.04
18-Mar-24,427.942,63687.32
19-Mar-24,418.605,61251.95
20-Mar-24,418.415,62350.23
21-Mar-24,426.27,61972.32
22-Mar-24,445.607,61822.7
23-Mar-24,450.497,60705.64
24-Mar-24,445.968,48265.51
25-Mar-24,370.724,40085.56
26-Mar-24,413.096,56389.63
27-Mar-24,428.464,62182.95
28-Mar-24,425.939,67414.47
29-Mar-24,428.298,61279.32
30-Mar-24,440.27,69087.24
31-Mar-24,448.429,59531.05
01-Apr-24,408.177,65707.52
02-Apr-24,437.671,78992.68
03-Apr-24,457.456,81612.52
04-Apr-24,463.732,80339.98
05-Apr-24,468.352,76592.44
06-Apr-24,468.334,75139.67
07-Apr-24,473.22,62137.33
08-Apr-24,464.573,78463.35
09-Apr-24,472.993,73005.91
10-Apr-24,478.73,77281.73
11-Apr-24,437.03,58614.12
12-Apr-24,444.522,66417.2
13-Apr-24,447.934,60182.59
14-Apr-24,438.394,49234.95
15-Apr-24,446.973,71014.73
16-Apr-24,449.411,67012.58
17-Apr-24,430.565,58079.92
18-Apr-24,438.766,62329.77
19-Apr-24,414.156,55920.21
20-Apr-24,444.732,63256.03
21-Apr-24,434.677,48472.16
22-Apr-24,433.63,63466.19
23-Apr-24,423.223,59888.22
24-Apr-24,429.69,62462.96
25-Apr-24,431.685,62066.2
26-Apr-24,417.87,56158.84
27-Apr-24,437.346,56822.21
28-Apr-24,425.632,46102.79
29-Apr-24,435.225,67116.48
30-Apr-24,449.295,80573.24
01-May-24,480.469,81678.5
02-May-24,477.201,82795.98
03-May-24,471.203,77293.8
04-May-24,484.087,77618.21
05-May-24,471.169,61535.54
06-May-24,466.994,77012.19
07-May-24,454.411,71966.72
08-May-24,474.136,74337.94
09-May-24,471.116,74897.09
10-May-24,474.033,74820.95
11-May-24,460.534,64156.46
12-May-24,456.544,51539.62
13-May-24,436.812,64193.58
14-May-24,449.489,67457.42
15-May-24,461.181,69211.71
16-May-24,449.306,65655.99
17-May-24,446.652,61499.98
18-May-24,447.537,60392.39
19-May-24,442.155,48699.88
20-May-24,435.916,62677.84
21-May-24,442.981,63261.77
22-May-24,448.522,62814.11
23-May-24,432.157,59408.9
24-May-24,443.913,59932.38
25-May-24,431.014,55032.22
26-May-24,438.771,45546.42
27-May-24,433.74,63592.61
28-May-24,428.426,61125.12
29-May-24,431.343,61874.15
30-May-24,434.873,65193.76
31-May-24,459.158,77713.82
01-Jun-24,478.457,80892.93
02-Jun-24,474.178,65177.53
03-Jun-24,479.128,84201.75
04-Jun-24,447.445,81483.43
05-Jun-24,478.602,82064.37
06-Jun-24,457.999,73445.81
07-Jun-24,478.177,74690.75
08-Jun-24,479.19,68922.47
09-Jun-24,471.092,56425.61
10-Jun-24,480.716,80323.86
11-Jun-24,469.798,73866.64
12-Jun-24,476.939,71385.73
13-Jun-24,462.192,67638.55
14-Jun-24,470.568,66861.57
15-Jun-24,477.718,68024.41
16-Jun-24,474.627,53975.8
17-Jun-24,431.59,51569.15
18-Jun-24,440.462,61051.29
19-Jun-24,460.256,64879.46
20-Jun-24,454.325,65029.53
21-Jun-24,452.604,62337.03
22-Jun-24,454.831,57274.09
23-Jun-24,445.305,46497.11
24-Jun-24,455.521,64748.05
25-Jun-24,444.525,63353.78
26-Jun-24,448.14,62349.06
27-Jun-24,450.487,62009.24
28-Jun-24,452.752,66808.91
29-Jun-24,475.543,70499.43
30-Jun-24,461.975,59293.86
01-Jul-24,491.891,87154.11
02-Jul-24,501.623,83635.4
03-Jul-24,484.559,78649.51
04-Jul-24,482.122,78683.27
05-Jul-24,481.211,76238.49
06-Jul-24,493.944,75111.32
07-Jul-24,482.996,59336.17
08-Jul-24,481.157,81314.51
09-Jul-24,482.904,77115.53
10-Jul-24,497.649,79215.04
11-Jul-24,478.589,71809.73
12-Jul-24,467.407,66726.7
13-Jul-24,462.291,59489.69
14-Jul-24,464.716,50682.42
15-Jul-24,470.23,71054.85
16-Jul-24,464.167,66028.97
17-Jul-24,450.927,55967.88
18-Jul-24,454.715,62967.39
19-Jul-24,457.798,61525.81
20-Jul-24,430.637,57542.05
21-Jul-24,446.379,48180.54
22-Jul-24,451.969,64897.57
23-Jul-24,450.455,64321.06
24-Jul-24,447.288,61048.58
25-Jul-24,445.323,61610.72
26-Jul-24,455.681,59531.17
27-Jul-24,457.274,55364.35
28-Jul-24,451.745,45136
29-Jul-24,441.718,62312.64
30-Jul-24,446.218,63738.25
31-Jul-24,459.971,77902.69
01-Aug-24,492.745,86207.47
02-Aug-24,503.524,80650.53
03-Aug-24,498.534,74840.21
04-Aug-24,494.13,60733.24
05-Aug-24,502.981,87105.05
06-Aug-24,484.679,75775.76
07-Aug-24,494.562,75924.48
08-Aug-24,499.049,74517.12
09-Aug-24,499.9,71679.83
10-Aug-24,501.896,68937.11
11-Aug-24,484.205,53711.43
12-Aug-24,494.814,73511.02
13-Aug-24,493.853,69591.51
14-Aug-24,508.969,70932.79
15-Aug-24,479.604,53740.39
16-Aug-24,483.559,62853.27
17-Aug-24,489.283,64285.9
18-Aug-24,497.586,52964.5
19-Aug-24,479.509,57096.04
20-Aug-24,456.758,63752.32
21-Aug-24,465.506,63404.65
22-Aug-24,465.004,61990.5
23-Aug-24,461.579,60477.73
24-Aug-24,457.826,56689.96
25-Aug-24,461.072,47468.27
26-Aug-24,460.523,56543.09
27-Aug-24,452.145,60871.56
28-Aug-24,463.685,62645.47
29-Aug-24,462.193,64211.45
30-Aug-24,477.708,71082.16
31-Aug-24,495.666,76540.76
01-Sep-24,511.421,69073.83
02-Sep-24,511.179,86274.07
03-Sep-24,515.892,81437.03
04-Sep-24,527.683,83685.23
05-Sep-24,527.553,80797.4
06-Sep-24,530.697,77713.57
07-Sep-24,502.866,65498.43
08-Sep-24,491.562,56165.45
09-Sep-24,508.425,79490.57
10-Sep-24,511.45,78254.62
11-Sep-24,514.597,75806.41
12-Sep-24,498.813,70296.67
13-Sep-24,507.92,70079.7
14-Sep-24,509.663,65219.02
15-Sep-24,494.603,53280.38
16-Sep-24,492.331,63984.34
17-Sep-24,468.913,59687.43
18-Sep-24,499.137,66289.32
19-Sep-24,500.681,68177.63
20-Sep-24,500.27,65412.69
21-Sep-24,495.098,63704.4
22-Sep-24,490.515,50664.47
23-Sep-24,488.796,66590.44
24-Sep-24,482.449,63656.76
25-Sep-24,481.232,66166.94
26-Sep-24,480.461,66459.08
27-Sep-24,493.888,66716.07
28-Sep-24,495.668,61976.27
29-Sep-24,477.376,50108.87
30-Sep-24,530.608,91327.62
01-Oct-24,546.534,92658.75
02-Oct-24,544.742,77705
03-Oct-24,548.269,88839.15
04-Oct-24,544.827,86830.46
05-Oct-24,547.327,84513.18
06-Oct-24,535.765,66431.56
07-Oct-24,550.749,92458.79
08-Oct-24,551.062,85158.96
09-Oct-24,559.886,85547.24
10-Oct-24,558.933,82983.3
11-Oct-24,535.589,69918.71
12-Oct-24,516.794,56546.43
13-Oct-24,506.884,53064.06
14-Oct-24,516.222,75016.77
15-Oct-24,506.763,73329.45
16-Oct-24,520.253,72971.45
17-Oct-24,515.711,70391.28
18-Oct-24,521.461,68930.91
19-Oct-24,526.223,70977.77
20-Oct-24,528.99,57448.79
21-Oct-24,510.034,73501.45
22-Oct-24,510.526,72169.83
23-Oct-24,519.753,72706.64
24-Oct-24,510.426,69192.29
25-Oct-24,517.906,74389.67
26-Oct-24,525.097,68761.95
27-Oct-24,519.799,57620.64
28-Oct-24,532.586,82704.73
29-Oct-24,565.274,87452.79
30-Oct-24,546.463,94276.43
31-Oct-24,644.118,85323.03
01-Nov-24,517.579,74047.52
02-Nov-24,521.782,75055.57
03-Nov-24,504.798,63120.41
04-Nov-24,526.556,89858.79
05-Nov-24,528.091,85256.12
06-Nov-24,529.449,81865.72
07-Nov-24,521.297,77688.12
08-Nov-24,521.796,74332.91
09-Nov-24,531.183,73528.63
10-Nov-24,530.802,62533.33
11-Nov-24,534.55,82436.94
12-Nov-24,526.088,77463.41
13-Nov-24,528.516,75100.7
14-Nov-24,522.687,73219.2
15-Nov-24,503.281,63789.6
16-Nov-24,525.889,69831.22
17-Nov-24,509.852,54171.35
18-Nov-24,509.488,70983.16
19-Nov-24,502.708,69585.3
20-Nov-24,505.732,67834.29
21-Nov-24,508.623,70642.19
22-Nov-24,510.201,66901.25
23-Nov-24,499.183,60675.87
24-Nov-24,500.579,51421.51
25-Nov-24,502.161,71726.73
26-Nov-24,495.267,70195.84
27-Nov-24,503.854,68595.69
28-Nov-24,504.93500000000006,71091.2
29-Nov-24,519.923,77537.16
30-Nov-24,535.171,84697.68
01-Dec-24,550.449,75107.21
02-Dec-24,560.505,95915.61
03-Dec-24,555.385,89993.99
04-Dec-24,561.983,90193.49
05-Dec-24,556.269,86499.53
06-Dec-24,548.022,79287.54
07-Dec-24,557.786,79101.01
08-Dec-24,549.659,64347.24
09-Dec-24,546.605,86326.84
10-Dec-24,551.379,84053
11-Dec-24,550.5840000000001,80326.73
12-Dec-24,533.341,76196.74
13-Dec-24,541.165,74454.16
14-Dec-24,538.8810000000001,68218.53
15-Dec-24,535.774,57635.58
16-Dec-24,537.8439999999999,76984.49
17-Dec-24,537.201,77394.28
18-Dec-24,534.222,73236.05
19-Dec-24,535.4300000000001,74296.62
20-Dec-24,535.275,73223.48
21-Dec-24,537.954,68924.5
22-Dec-24,528.5350000000001,54933.41
23-Dec-24,528.2189999999999,75243.27
24-Dec-24,526.966,71475.66
25-Dec-24,517.429,61906.4
26-Dec-24,518.396,71169.36
27-Dec-24,508.57700000000006,68528.35
28-Dec-24,514.914,64526.76
29-Dec-24,511.226,53660.5
30-Dec-24,525.29,78391.76
31-Dec-24,594.7439999999999,93147.85
01-Jan-25,568.43,81015.79
02-Jan-25,565.22,94429.32
03-Jan-25,559.45,86371.9
04-Jan-25,562.35,87686.56
05-Jan-25,557,70700.73
06-Jan-25,559.641,92101.54
07-Jan-25,558.326,86148.85
08-Jan-25,572.9689999999999,86474.61
09-Jan-25,568.1220000000001,85038.14
10-Jan-25,578.76,86039.63
11-Jan-25,568.268,76848.16
12-Jan-25,567.088,63403
13-Jan-25,555.674,78541.07
14-Jan-25,522.6890000000001,66339.87
15-Jan-25,533.538,72564.96
16-Jan-25,533.0989999999999,71787.04
17-Jan-25,537.403,71032.39
18-Jan-25,539.177,68860.95
19-Jan-25,530.65,56364.25
20-Jan-25,543.644,78187.93
21-Jan-25,530.828,72609.39
22-Jan-25,541.529,72846.1
23-Jan-25,526.829,69306.15
24-Jan-25,536.716,69561.04
25-Jan-25,553.017,67121.44
26-Jan-25,517.303,51023.09
27-Jan-25,534.675,74950.26
28-Jan-25,532.798,72270.63
29-Jan-25,532.746,70929.65
30-Jan-25,535.941,76012.84
31-Jan-25,572.1279999999999,91469.83
01-Feb-25,604.754,99835.69
02-Feb-25,591.604,75620.6
03-Feb-25,582.391,93245.74
04-Feb-25,576.418,91126.6
05-Feb-25,585.6800000000001,89847.56
06-Feb-25,579.3199999999999,85577.46
07-Feb-25,582.164,83661.64
08-Feb-25,584.837,78394.48
09-Feb-25,584.6949999999999,67170.58
10-Feb-25,592.816,92183.3
11-Feb-25,581.057,85320.26
12-Feb-25,589.427,82436.06
13-Feb-25,574.283,77947.95
14-Feb-25,587.238,77266.11
15-Feb-25,571.054,76162.54
16-Feb-25,553.048,59017.87
17-Feb-25,562.4300000000001,77737.39
18-Feb-25,557.115,73824.81
19-Feb-25,564.758,73200.56
20-Feb-25,562.1189999999999,74075.68
21-Feb-25,564.77,71739.87
22-Feb-25,565.472,67795.92
23-Feb-25,560.54,54660.38
24-Feb-25,563.482,75820.65
25-Feb-25,576.501,76593.92
26-Feb-25,552.081,62994.82
27-Feb-25,555.4770000000001,75714.97
28-Feb-25,600.662,97508.29
01-Mar-25,631.425,101627.92
02-Mar-25,608.029,79157.48
03-Mar-25,599.447,97185.42
04-Mar-25,594.558,93483.95
05-Mar-25,596.265,93034.38
06-Mar-25,584.1,87477.02
07-Mar-25,597.996,87218.22
08-Mar-25,605.762,81507.5
09-Mar-25,604.783,68403.22
10-Mar-25,611.043,95763.57
11-Mar-25,577.813,84906.83
12-Mar-25,601.722,87615.79
13-Mar-25,642.101,85570.94
14-Mar-25,514.985,51067.26
15-Mar-25,580.763,71801.28
16-Mar-25,572.15,59622.54
17-Mar-25,580.3520000000001,80668.23
18-Mar-25,572.643,76988.31
19-Mar-25,576.134,76504.71
20-Mar-25,575.8199999999999,78037.44
21-Mar-25,576.375,74557.68
22-Mar-25,584.226,70233.03
23-Mar-25,587.4399999999999,58953.84
24-Mar-25,578.4359999999999,79820.41
25-Mar-25,581.7439999999999,79710.62
26-Mar-25,550.509,75842.65
27-Mar-25,597.4649999999999,81231.4
28-Mar-25,605.243,84515.18
29-Mar-25,627.191,87115.79
30-Mar-25,619.267,71617.99
31-Mar-25,565.721,75980.99
01-Apr-25,529.7180000000001,74937
02-Apr-25,619.275,102791.42
03-Apr-25,606.985,95332.97
04-Apr-25,618.6859999999999,94268
05-Apr-25,629.581,90299.35
06-Apr-25,588.2729999999999,68150.47
07-Apr-25,618.568,98216.32
08-Apr-25,624.895,89887.4
09-Apr-25,629.692,91452.18
10-Apr-25,605.415,83751.64
11-Apr-25,620.263,85297.83
12-Apr-25,554.296,68876.63
13-Apr-25,613.976,65305.33
14-Apr-25,582.6859999999999,70514.53
15-Apr-25,608.9390000000001,83768.29
16-Apr-25,606.392,82446.94
17-Apr-25,598.3050000000001,79567.11
18-Apr-25,578.175,67342.78
19-Apr-25,603.946,74613.71
20-Apr-25,587.892,60985.01
21-Apr-25,589.208,79430.34
22-Apr-25,582.008,75876.17
23-Apr-25,582.296,74632.32
24-Apr-25,580.1949999999999,73457.31
25-Apr-25,585.048,74213.96
26-Apr-25,583.1229999999999,69855.94
27-Apr-25,578.471,57359.23
28-Apr-25,583.217,79646.93
29-Apr-25,587.909,81121.96
30-Apr-25,615.991,101526.8
01-May-25,627.044,96949.94
02-May-25,637.271,100248.07
03-May-25,638.116,95776.08
04-May-25,627.641,78825.85
05-May-25,629.588,99229.03
06-May-25,608.419,89592.71
07-May-25,615.602,89345.34
08-May-25,622.041,88440.61
09-May-25,613.056,86292.19
10-May-25,617.641,83538.15
11-May-25,602.318,65341.59
12-May-25,558.678,78333.03
13-May-25,605.066,84780.86
14-May-25,609.736,84134.23
15-May-25,606.493,83793.22
16-May-25,603.117,78259.65
17-May-25,605.872,75787.32
18-May-25,595.087,60347.3
19-May-25,594.807,80321.57
20-May-25,584.47,78514.86
21-May-25,591.006,77375.62
22-May-25,589.576,75556
23-May-25,591.759,73524.04
24-May-25,585.468,69120.98
25-May-25,583.56,58284.01
26-May-25,578.537,76999.96
27-May-25,577.512,74452.63
28-May-25,581.754,75951.73
29-May-25,579.36,76027.13
30-May-25,599.23,86128.51
31-May-25,617.63,93024.8
01-Jun-25,644.307,82861.02
02-Jun-25,650.255,106309.47
03-Jun-25,648.737,97443.74
04-Jun-25,637.592,98723.85
05-Jun-25,641.393,96560.1
06-Jun-25,658.348,93649.21
07-Jun-25,606.829,75791.75
08-Jun-25,601.504,63812.4
09-Jun-25,623.165,91121.07
10-Jun-25,634.294,91838.53
11-Jun-25,626.608,87210.64
12-Jun-25,613.445,82500.72
13-Jun-25,613.38,79449.86
14-Jun-25,612.977,74677.34
15-Jun-25,605.644,62265.9
16-Jun-25,604.952,82363.95
17-Jun-25,597.523,77388.82
18-Jun-25,602.992,77121.9
19-Jun-25,590.943,75273.14
20-Jun-25,606.672,74977.8
21-Jun-25,603.775,72526.08
22-Jun-25,591.089,57113.84
23-Jun-25,592.609,75796.64
24-Jun-25,585.802,72710.14
25-Jun-25,595.444,74007.96
26-Jun-25,594.023,74401.66
27-Jun-25,598.299,73713.91
28-Jun-25,598.964,70198.78
29-Jun-25,589.465,58111.17
30-Jun-25,623.976,104009.3
01-Jul-25,653.513,110062.3
02-Jul-25,664.996,104976.26
03-Jul-25,644.699,95041.19
04-Jul-25,648.311,92737.86
05-Jul-25,656.136,92883.49
06-Jul-25,623.423,69207.26
07-Jul-25,641.58,95194.06
08-Jul-25,648.143,89965.21
09-Jul-25,638.136,87860.16
10-Jul-25,655.567,90757.83
11-Jul-25,646.048,85108.8
12-Jul-25,644.634,77724.93
13-Jul-25,634.889,64248.65
14-Jul-25,628.684,86145.07
15-Jul-25,634.666,84602.21
16-Jul-25,631.362,81454.6
17-Jul-25,618.245,76195.17
18-Jul-25,621.391,73841.65
19-Jul-25,624.442,72515.93
20-Jul-25,625.29,60707.39
21-Jul-25,612.668,77296.08
22-Jul-25,609.652,73274.46
23-Jul-25,609.414,72901.37
24-Jul-25,602.245,70319.08
25-Jul-25,597.438,72926.31
26-Jul-25,603.241,67031.53
27-Jul-25,609.434,55840.25
28-Jul-25,607.5989999999999,76306.71
29-Jul-25,590.851,73041.58
30-Jul-25,607.725,79458.74
31-Jul-25,633.526,98871.97
01-Aug-25,669.332,103856.25
02-Aug-25,707.216,102420.12
03-Aug-25,667.926,76155.36
04-Aug-25,665.374,98588.87
05-Aug-25,671.664,97550.71
06-Aug-25,675.268,93102.41
07-Aug-25,673.355,93176.2
08-Aug-25,721.27,93002.51
09-Aug-25,680.234,76578.76
10-Aug-25,645.079,69866.81
11-Aug-25,652.8050000000001,90606.77
12-Aug-25,651.625,85866.64
13-Aug-25,643.644,83460.62
14-Aug-25,660.047,83159.03
15-Aug-25,629.88,63117.09
16-Aug-25,636.768,68278.92
17-Aug-25,612.3109999999999,57594.29
18-Aug-25,627.05,79754.87
19-Aug-25,614.1890000000001,76331.59
20-Aug-25,639.141,81160.77
21-Aug-25,631.5060000000001,78191.58
22-Aug-25,622.644,72461.6
23-Aug-25,617.833,68686.99
24-Aug-25,627.793,58510.27
25-Aug-25,637.824,80294.19
26-Aug-25,641.638,77157.83
27-Aug-25,593.556,62308.47
28-Aug-25,597.677,74062.22
29-Aug-25,617.853,81491.51
30-Aug-25,645.1279999999999,87522.18
31-Aug-25,630.6800000000001,71157.47
01-Sep-25,653.787,103346.42
02-Sep-25,669.928,101199.28
03-Sep-25,669.813,95949.97
04-Sep-25,667.371,95176.51
05-Sep-25,643.347,82199.29
06-Sep-25,642.034,82162.11
07-Sep-25,634.663,67737.98
08-Sep-25,674.207,91323.72
09-Sep-25,671.052,91406.67
10-Sep-25,682.483,94319.1
11-Sep-25,661.598,87398.93
12-Sep-25,670.327,83819.17
13-Sep-25,656.881,75989.11
14-Sep-25,653.401,63705.14
15-Sep-25,652.517,86868.41
16-Sep-25,648.036,81334.96
17-Sep-25,651.27,76781.03
18-Sep-25,636.322,75545.7
19-Sep-25,646.019,73973.14
20-Sep-25,660.031,76649.34
21-Sep-25,650.172,60320.66
22-Sep-25,637.058,82477.13
23-Sep-25,641.936,81647.55
24-Sep-25,650.507,82219.56
25-Sep-25,646.477,82763.15
26-Sep-25,642.794,81147.56
27-Sep-25,647.099,76740.06
28-Sep-25,635.523,63884.47
29-Sep-25,662.61,88429.61
30-Sep-25,674.17,103220.79
01-Oct-25,705.618,106297.2
02-Oct-25,656.293,82995.89
03-Oct-25,674.633,97261.44
04-Oct-25,676.96,99228.42
05-Oct-25,678.592,82431.5
06-Oct-25,676.848,102255.51
07-Oct-25,646.32,94312.62
08-Oct-25,700.322,101998.71
09-Oct-25,709.611,102964.42
10-Oct-25,717.511,100827.85
11-Oct-25,691.044,90437.39
12-Oct-25,693.316,75027.23
13-Oct-25,687.874,96747.94
14-Oct-25,685.799,95603.07
15-Oct-25,699.875,99092.97
16-Oct-25,692.684,95599.29
17-Oct-25,712.476,98266.13
18-Oct-25,754.37,102753.58
19-Oct-25,739.042,85667.27
20-Oct-25,717.268,74285.26
21-Oct-25,602.667,67047.73
22-Oct-25,615.294,71327.82
23-Oct-25,611.753,74735.1
24-Oct-25,617.168,78118.62
25-Oct-25,622.436,75021.93
26-Oct-25,614.751,61084.11
27-Oct-25,608.487,77187.79
28-Oct-25,597.461,75624.67
29-Oct-25,617.114,79470.12
30-Oct-25,620.374,83284.16
31-Oct-25,656.96,100834.97
01-Nov-25,704.217,108113.06
02-Nov-25,704.01,88237.13
03-Nov-25,690.327,104487.3
04-Nov-25,691.388,104828.1
05-Nov-25,690.838,93513.51
06-Nov-25,677.773,95130.44
07-Nov-25,694.816,96328.59
08-Nov-25,695.677,88350.79
09-Nov-25,693.638,75982.55
10-Nov-25,702.129,102018.93
11-Nov-25,690.781,95430.93
12-Nov-25,697.349,92633.75
13-Nov-25,684.647,88130.37
14-Nov-25,683.091,84751.72
15-Nov-25,691.675,86252.67
16-Nov-25,681.824,68114.84
17-Nov-25,673.906,86746.09
18-Nov-25,664.756,84795.14
19-Nov-25,671.065,84412.33
20-Nov-25,685.182,86690.37
21-Nov-25,680.479,83048.09
22-Nov-25,670.665,76278.14
23-Nov-25,661.587,62917.13
24-Nov-25,660.527,83598.27
25-Nov-25,659.386,83111.04
26-Nov-25,664.839,81897.99
27-Nov-25,659.959,82358.08
28-Nov-25,676.124,90124.99
29-Nov-25,685.569,93645.91
30-Nov-25,678.755,79704.39
01-Dec-25,713.619,115449.97
02-Dec-25,726.816,112235.89
03-Dec-25,710.212,104190.87
04-Dec-25,704.088,103618.87
05-Dec-25,707.409,101063.5
06-Dec-25,712.898,95845.96
07-Dec-25,704.708,78447.4
08-Dec-25,712.04,101849.7
09-Dec-25,708.557,102672.16
10-Dec-25,723.537,103463.35
11-Dec-25,699.658,93099.57
12-Dec-25,705.995,90399.4
13-Dec-25,702.834,83028.01
14-Dec-25,700.334,70004.33
15-Dec-25,705.422,95630.48
16-Dec-25,687.439,89498.14
17-Dec-25,695.798,86431.01
18-Dec-25,687.288,87159.49
19-Dec-25,683.396,79987.96
20-Dec-25,695.801,84002.35
21-Dec-25,686.27,67104.1
22-Dec-25,685.316,87815.07
23-Dec-25,681.769,84893.75
24-Dec-25,703.948,88007.46
25-Dec-25,665.887,72641.65
26-Dec-25,669.838,82519.49
27-Dec-25,668.261,77154.95
28-Dec-25,663.379,64095.38
29-Dec-25,674.062,89613.36
30-Dec-25,680.15,92522.84
31-Dec-25,767.939,112266.25
01-Jan-26,731.33,97973.88
02-Jan-26,741.92,111666.3
03-Jan-26,722.63,104168.76
04-Jan-26,718.8,88995.71
05-Jan-26,726.19,112669.2
06-Jan-26,703.83,101079.76
07-Jan-26,719.17,102912.23
08-Jan-26,714.02,99947.31
09-Jan-26,717.19,98968.86
10-Jan-26,723.32,94813.91
11-Jan-26,713.06,75929.99
12-Jan-26,721.64,101749.38
13-Jan-26,735.89,99183.09
14-Jan-26,709.52,87279.23
15-Jan-26,666.52,79204.83
16-Jan-26,675.31,82616.91
17-Jan-26,684.4,81727.86
18-Jan-26,679.6,66253.55
19-Jan-26,695.28,93021.38
20-Jan-26,681.76,93029.83
21-Jan-26,702.91,94939.41
22-Jan-26,696.78,89962.31
23-Jan-26,661.82,81271.05
24-Jan-26,683.79,80392.72
25-Jan-26,672.66,66779.51
26-Jan-26,654.41,67965.97
27-Jan-26,667.9,84612.25
28-Jan-26,679.23,89735.29
29-Jan-26,675.63,93285.24
30-Jan-26,700.73,103462.71
31-Jan-26,726.22,107882.83
01-Feb-26,742.56,100563.68
02-Feb-26,771.9,125303.02
03-Feb-26,741.66,113333.7
04-Feb-26,744.87,113302.09
05-Feb-26,741.6,108594.54
06-Feb-26,732.46,99784.03
07-Feb-26,750.86,100733.21
08-Feb-26,743.84,82029.34
09-Feb-26,748.8,107887.66
10-Feb-26,724.28,103218.18
11-Feb-26,748.99,102584.3
12-Feb-26,720.22,95358.6
13-Feb-26,742.92,96235.21
14-Feb-26,761.77,90455.12
15-Feb-26,715.5,70326.94
16-Feb-26,723.55,95510.43
17-Feb-26,722.08,92544.1
18-Feb-26,725.76,91606.75
19-Feb-26,699.41,86947.5
20-Feb-26,701,86258.07
21-Feb-26,697.99,84256.35
22-Feb-26,703.05,68821.03
23-Feb-26,700.41,89725.14
24-Feb-26,698.34,87436.1
25-Feb-26,709.85,90237.78
26-Feb-26,695.71,88166.29
27-Feb-26,731.17,105320.93
28-Feb-26,753.65,107689.21
01-Mar-26,755.42,97525.53
02-Mar-26,801.56,131735.46
03-Mar-26,740.94,98434.71
04-Mar-26,687.48,90761.63
05-Mar-26,739.59,107158.79
06-Mar-26,740.54,103910.72
07-Mar-26,759.97,105378.62
08-Mar-26,738.42,81073.89
09-Mar-26,753.62,112655.96
10-Mar-26,756.31,109885.32
11-Mar-26,752.83,104165.98
12-Mar-26,741.18,99749.33
13-Mar-26,740.85,96563.24
14-Mar-26,746.42,92196
15-Mar-26,732.01,77673.68
16-Mar-26,734.16,100286.48
17-Mar-26,731.99,96510.62
18-Mar-26,749.59,95489.75
19-Mar-26,712.31,87386.11
20-Mar-26,728.99,91930.06
21-Mar-26,675.32,73441.55
22-Mar-26,687.87,66078.72
23-Mar-26,712.13,95601.77
24-Mar-26,708.69,91609.73
25-Mar-26,725.88,96046.1
26-Mar-26,710.87,87058.06
27-Mar-26,697.93,86786.3
28-Mar-26,715.64,85443.62
29-Mar-26,706.75,71210.24
30-Mar-26,725.99,109254.3
31-Mar-26,729.89,109539.76
01-Apr-26,739.016,105071.07
02-Apr-26,783.7439999999999,125111.99
03-Apr-26,748.177,101165.26
04-Apr-26,775.272,111899.57
05-Apr-26,757.981,88194.87
06-Apr-26,757.55,111242.92
07-Apr-26,744.8109999999999,107032.89
08-Apr-26,769.764,109088.26
09-Apr-26,759.8489999999999,105437.82
10-Apr-26,780.678,107022.99
11-Apr-26,770.014,96157.79
12-Apr-26,757.518,77982.2
13-Apr-26,775.589,104205.51
14-Apr-26,739.729,87362.63
15-Apr-26,761.7479999999999,98877.82
16-Apr-26,744.362,96594.6
17-Apr-26,748.0060000000001,91887.9
18-Apr-26,755.521,93482.06
19-Apr-26,738.892,79012.63
20-Apr-26,738.02,101417.94
21-Apr-26,719.462,91391.57
22-Apr-26,729.4,91205.61
23-Apr-26,706.9399999999999,85193.86
24-Apr-26,728.375,89131.2
25-Apr-26,729.1800000000001,85213.1
26-Apr-26,708.25,69044.68
27-Apr-26,719.896,93068.62
28-Apr-26,712.47,90032
29-Apr-26,701.909,91198.31
30-Apr-26,744.674,119260.38
01-May-26,767.91,111281.22
02-May-26,800.11,121709.67
03-May-26,767.82,93284.63
04-May-26,740.78,113658.32
05-May-26,763.22,115017.52
06-May-26,761.51,108562.67
07-May-26,760.52,107677.31
08-May-26,771.73,104769.32
09-May-26,767.53,100137.12
10-May-26,769.24,85290.49
11-May-26,773.15,109868.94
12-May-26,766.24,104647.39
13-May-26,756.59,99435.44
14-May-26,747.98,96746.53
15-May-26,768.22,96584.68
16-May-26,757.97,90908.18
17-May-26,745.63,75206.21
18-May-26,743.61,96202.81
19-May-26,737.77,92099.95
20-May-26,747.58,95243.83
21-May-26,718.01,88774.26
22-May-26,740.5,89437.89
23-May-26,730.59,84137.96
24-May-26,724.19,70488.01
25-May-26,737.75,96626.32
26-May-26,729.01,92990.6
27-May-26,751.99,95677.9
28-May-26,673.5,73215.31
29-May-26,707.57,94811.1
30-May-26,735.94,101509.14
31-May-26,737.79,84423.46
01-Jun-26,784.73,126017.27
02-Jun-26,795.56,121338.4
03-Jun-26,785.13,115092.87
04-Jun-26,764.08,111592.07
05-Jun-26,776.48,108318.08
06-Jun-26,775.38,103888.84
07-Jun-26,773.73,83853.82
08-Jun-26,763.17,106344.92
09-Jun-26,771.53,107514.2
10-Jun-26,791.63,110285.66
11-Jun-26,765.4,102421.42
12-Jun-26,770.99,96505.61
13-Jun-26,761.05,89190.81
14-Jun-26,762.82,76045.15
15-Jun-26,770.58,100667.03
16-Jun-26,760.1,95816.46
17-Jun-26,759.66,93717.69
18-Jun-26,740.86,90299.09
19-Jun-26,737.27,87612.81
20-Jun-26,755.63,90413.22
21-Jun-26,752.2,72494.69
22-Jun-26,741.41,91881.57
23-Jun-26,726.04,88769.18
24-Jun-26,737.42,88749.07
25-Jun-26,736.47,91889.96
26-Jun-26,717.01,78222.5
27-Jun-26,727.88,79907
28-Jun-26,727.63,67383.64
29-Jun-26,727.11,95436.83
30-Jun-26,757.13,120468.8
01-Jul-26,803.91,130532.57
02-Jul-26,809.69,125465.33
03-Jul-26,785.97,111514.38
04-Jul-26,784.05,113274.04
05-Jul-26,779.69,92186.73
06-Jul-26,755.8,111881.15
07-Jul-26,756.23,106541.71
08-Jul-26,780.25,108079.84
09-Jul-26,774.56,105535.17
10-Jul-26,790.86,105389.45
11-Jul-26,789.72,94773.46
12-Jul-26,779.21,77318.94
13-Jul-26,785.02,102831.27
14-Jul-26,776.89,98285.32
15-Jul-26,784.52,101320.32
16-Jul-26,766.78,94437.93
17-Jul-26,760.07,88022.78
18-Jul-26,762.74,90828.72
19-Jul-26,760.89,71872.78
20-Jul-26,740.83,93935.68
21-Jul-26,725.62,87535.98
22-Jul-26,733.73,87658.93
23-Jul-26,727.46,84830.29
24-Jul-26,742.37,83349.45
25-Jul-26,742.35,80714.08
26-Jul-26,744.2,67697.46
27-Jul-26,741.09,90954.66
28-Jul-26,730.07,87253.63
29-Jul-26,741.25,88600.32
30-Jul-26,732.33,92466.43
31-Jul-26,770.2,112791.68
